{"id":1,"title":"Evil Dead","plot":"Five friends head to a remote cabin, where the discovery of a Book of the Dead leads them to unwittingly summon up demons living in the nearby woods. The evil presence possesses them until only one is left to fight for survival.","simple_plot":"Five friends travel to a cabin in the woods, where they unknowingly release flesh-possessing demons.","release_date":"5 April 2013","cover":"http://ia.media-imdb.com/images/M/MV5BNTQ3OTkwNTgyN15BMl5BanBnXkFtZTcwNTAzOTAzOQ@@._V1_SX214_.jpg","genres":["Horror"],"reviews":[{"id":1,"score":8,"movie_id":1,"created_at":"2013-09-18T16:09:50.000Z","updated_at":"2013-09-18T16:09:50.000Z","review_text":null},{"id":2,"score":8,"movie_id":1,"created_at":"2013-09-18T16:09:50.000Z","updated_at":"2013-09-18T16:09:50.000Z","review_text":null},{"id":3,"score":10,"movie_id":1,"created_at":"2013-09-18T16:09:50.000Z","updated_at":"2013-09-18T16:09:50.000Z","review_text":null},{"id":4,"score":7,"movie_id":1,"created_at":"2013-09-18T16:09:50.000Z","updated_at":"2013-09-18T16:09:50.000Z","review_text":null}],"directors":[{"id":3,"name":"Sam Raimi","movie_id":1}],"actors":[{"id":6,"actor_name":"Bruce Campbell","movie_id":1,"character":"Ashley 'Ash' J. Williams","url_character":"http://www.imdb.com/character/ch0003609","url_photo":"http://ia.media-imdb.com/images/M/MV5BOTY2MTg0OTEzOV5BMl5BanBnXkFtZTgwNzQ3NTcwMjE@._V1_SX32_CR0,0,32,44_AL_.jpg","url_profile":"http://www.imdb.com/name/nm0132257"},{"id":7,"actor_name":"Ellen Sandweiss","movie_id":1,"character":"Cheryl","url_character":"http://www.imdb.com/character/ch0062116","url_photo":"http://ia.media-imdb.com/images/M/MV5BMTI1MzA4NjQzNF5BMl5BanBnXkFtZTYwODE4MTky._V1_SY44_CR0,0,32,44_AL_.jpg","url_profile":"http://www.imdb.com/name/nm0762445"},{"id":8,"actor_name":"Betsy Baker","movie_id":1,"character":"Linda","url_character":"http://www.imdb.com/character/ch0031489","url_photo":"http://ia.media-imdb.com/images/M/MV5BMTUzNzM3MjA3OV5BMl5BanBnXkFtZTcwOTE3ODc1MQ@@._V1_SX32_CR0,0,32,44_AL_.jpg","url_profile":"http://www.imdb.com/name/nm0048260"},{"id":9,"actor_name":"Theresa Tilly","movie_id":1,"character":"Shelly","url_character":"http://www.imdb.com/character/ch0062118","url_photo":"http://ia.media-imdb.com/images/M/MV5BMTAwMTg1NjcxMjheQTJeQWpwZ15BbWU3MDk3MTU1Mzg@._V1_SX32_CR0,0,32,44_AL_.jpg","url_profile":"http://www.imdb.com/name/nm0863462"}]}