[{"id":6,"actor_name":"Bruce Campbell","movie_id":1,"character":"Ashley 'Ash' J. Williams","url_character":"http://www.imdb.com/character/ch0003609","url_photo":"http://ia.media-imdb.com/images/M/MV5BOTY2MTg0OTEzOV5BMl5BanBnXkFtZTgwNzQ3NTcwMjE@._V1_SX32_CR0,0,32,44_AL_.jpg","url_profile":"http://www.imdb.com/name/nm0132257"},{"id":7,"actor_name":"Ellen Sandweiss","movie_id":1,"character":"Cheryl","url_character":"http://www.imdb.com/character/ch0062116","url_photo":"http://ia.media-imdb.com/images/M/MV5BMTI1MzA4NjQzNF5BMl5BanBnXkFtZTYwODE4MTky._V1_SY44_CR0,0,32,44_AL_.jpg","url_profile":"http://www.imdb.com/name/nm0762445"},{"id":8,"actor_name":"Betsy Baker","movie_id":1,"character":"Linda","url_character":"http://www.imdb.com/character/ch0031489","url_photo":"http://ia.media-imdb.com/images/M/MV5BMTUzNzM3MjA3OV5BMl5BanBnXkFtZTcwOTE3ODc1MQ@@._V1_SX32_CR0,0,32,44_AL_.jpg","url_profile":"http://www.imdb.com/name/nm0048260"},{"id":9,"actor_name":"Theresa Tilly","movie_id":1,"character":"Shelly","url_character":"http://www.imdb.com/character/ch0062118","url_photo":"http://ia.media-imdb.com/images/M/MV5BMTAwMTg1NjcxMjheQTJeQWpwZ15BbWU3MDk3MTU1Mzg@._V1_SX32_CR0,0,32,44_AL_.jpg","url_profile":"http://www.imdb.com/name/nm0863462"},{"id":10,"actor_name":"Tim Robbins","movie_id":2,"character":"Andy Dufresne","url_character":"http://www.imdb.com/character/ch0001388","url_photo":"http://ia.media-imdb.com/images/M/MV5BMTI1OTYxNzAxOF5BMl5BanBnXkFtZTYwNTE5ODI4._V1_SY44_CR1,0,32,44_AL_.jpg","url_profile":"http://www.imdb.com/name/nm0000209"},{"id":11,"actor_name":"Morgan Freeman","movie_id":2,"character":"Ellis Boyd 'Red' Redding","url_character":"http://www.imdb.com/character/ch0001387","url_photo":"http://ia.media-imdb.com/images/M/MV5BMTc0MDMyMzI2OF5BMl5BanBnXkFtZTcwMzM2OTk1MQ@@._V1_SX32_CR0,0,32,44_AL_.jpg","url_profile":"http://www.imdb.com/name/nm0000151"},{"id":12,"actor_name":"Bob Gunton","movie_id":2,"character":"Warden Norton","url_character":"http://www.imdb.com/character/ch0001391","url_photo":"http://ia.media-imdb.com/images/M/MV5BMTc3MzY0MTQzM15BMl5BanBnXkFtZTcwMTM0ODYxNw@@._V1_SY44_CR11,0,32,44_AL_.jpg","url_profile":"http://www.imdb.com/name/nm0348409"},{"id":13,"actor_name":"William Sadler","movie_id":2,"character":"Heywood","url_character":"http://www.imdb.com/character/ch0001390","url_photo":"http://ia.media-imdb.com/images/M/MV5BMTA1NjU3NDg1MTheQTJeQWpwZ15BbWU2MDI4OTcxMw@@._V1_SY44_CR2,0,32,44_AL_.jpg","url_profile":"http://www.imdb.com/name/nm0006669"},{"id":14,"actor_name":"Clancy Brown","movie_id":2,"character":"Captain Hadley","url_character":"http://www.imdb.com/character/ch0001389","url_photo":"http://ia.media-imdb.com/images/M/MV5BMTUxODY3NjAzMF5BMl5BanBnXkFtZTcwMTQ5MjYwNg@@._V1_SX32_CR0,0,32,44_AL_.jpg","url_profile":"http://www.imdb.com/name/nm0000317"},{"id":15,"actor_name":"Gil Bellows","movie_id":2,"character":"Tommy","url_character":"http://www.imdb.com/character/ch0001392","url_photo":"http://ia.media-imdb.com/images/M/MV5BMjA1MDQxMDU4Nl5BMl5BanBnXkFtZTcwMTA2MTE3Mw@@._V1_SY44_CR11,0,32,44_AL_.jpg","url_profile":"http://www.imdb.com/name/nm0004743"},{"id":16,"actor_name":"Mark Rolston","movie_id":2,"character":"Bogs Diamond","url_character":"http://www.imdb.com/character/ch0028188","url_photo":"http://ia.media-imdb.com/images/M/MV5BMTk2NDc0MTUxNV5BMl5BanBnXkFtZTcwMDUzMjE5Mg@@._V1_SX32_CR0,0,32,44_AL_.jpg","url_profile":"http://www.imdb.com/name/nm0001679"},{"id":17,"actor_name":"James Whitmore","movie_id":2,"character":"Brooks Hatlen","url_character":"http://www.imdb.com/character/ch0001393","url_photo":"http://ia.media-imdb.com/images/M/MV5BMTg5MzkxMTkxOV5BMl5BanBnXkFtZTcwNTEzNTgxMw@@._V1_SY44_CR3,0,32,44_AL_.jpg","url_profile":"http://www.imdb.com/name/nm0926235"},{"id":18,"actor_name":"Jeffrey DeMunn","movie_id":2,"character":"1946 D.A.","url_character":"http://www.imdb.com","url_photo":"http://ia.media-imdb.com/images/M/MV5BMTQ0Mjc3NDA1OV5BMl5BanBnXkFtZTcwMTg3MDEyOA@@._V1_SY44_CR1,0,32,44_AL_.jpg","url_profile":"http://www.imdb.com/name/nm0218810"},{"id":19,"actor_name":"Larry Brandenburg","movie_id":2,"character":"Skeet","url_character":"http://www.imdb.com/character/ch0455157","url_photo":"http://ia.media-imdb.com/images/M/MV5BMjI0Mzc0MzY5Ml5BMl5BanBnXkFtZTcwNDA1NTU4Nw@@._V1_SY44_CR3,0,32,44_AL_.jpg","url_profile":"http://www.imdb.com/name/nm0104594"},{"id":20,"actor_name":"Neil Giuntoli","movie_id":2,"character":"Jigger","url_character":"http://www.imdb.com","url_photo":"http://ia.media-imdb.com/images/M/MV5BMjI0OTUxNjIyNF5BMl5BanBnXkFtZTcwNDE0MDcwOA@@._V1_SY44_CR0,0,32,44_AL_.jpg","url_profile":"http://www.imdb.com/name/nm0321358"},{"id":21,"actor_name":"Brian Libby","movie_id":2,"character":"Floyd","url_character":"http://www.imdb.com/character/ch0001394","url_photo":"http://ia.media-imdb.com/images/M/MV5BMjI2NDYwNzU0NV5BMl5BanBnXkFtZTcwMjYwMTcwOA@@._V1_SX32_CR0,0,32,44_AL_.jpg","url_profile":"http://www.imdb.com/name/nm0508742"},{"id":22,"actor_name":"David Proval","movie_id":2,"character":"Snooze","url_character":"http://www.imdb.com","url_photo":"http://ia.media-imdb.com/images/M/MV5BMjAxNjc4NDg2MF5BMl5BanBnXkFtZTcwNTA1NzE3MQ@@._V1_SY44_CR1,0,32,44_AL_.jpg","url_profile":"http://www.imdb.com/name/nm0698998"},{"id":23,"actor_name":"Joseph Ragno","movie_id":2,"character":"Ernie","url_character":"http://www.imdb.com","url_photo":"http://ia.media-imdb.com/images/M/MV5BMTQyNzMyNTUwNV5BMl5BanBnXkFtZTcwNjQ2MTcwOA@@._V1_SX32_CR0,0,32,44_AL_.jpg","url_profile":"http://www.imdb.com/name/nm0706554"},{"id":24,"actor_name":"Jude Ciccolella","movie_id":2,"character":"Guard Mert","url_character":"http://www.imdb.com","url_photo":"http://ia.media-imdb.com/images/M/MV5BMTY4NTExMTg3M15BMl5BanBnXkFtZTgwNTQ0ODAyMTE@._V1_SY44_CR1,0,32,44_AL_.jpg","url_profile":"http://www.imdb.com/name/nm0161980"},{"id":25,"actor_name":"Marlon Brando","movie_id":3,"character":"Don Vito Corleone","url_character":"http://www.imdb.com/character/ch0000791","url_photo":"http://ia.media-imdb.com/images/M/MV5BMTg3MDYyMDE5OF5BMl5BanBnXkFtZTcwNjgyNTEzNA@@._V1_SY44_CR12,0,32,44_AL_.jpg","url_profile":"http://www.imdb.com/name/nm0000008"},{"id":26,"actor_name":"Al Pacino","movie_id":3,"character":"Michael Corleone","url_character":"http://www.imdb.com/character/ch0000790","url_photo":"http://ia.media-imdb.com/images/M/MV5BMTQzMzg1ODAyNl5BMl5BanBnXkFtZTYwMjAxODQ1._V1_SX32_CR0,0,32,44_AL_.jpg","url_profile":"http://www.imdb.com/name/nm0000199"},{"id":27,"actor_name":"James Caan","movie_id":3,"character":"Sonny Corleone","url_character":"http://www.imdb.com/character/ch0262983","url_photo":"http://ia.media-imdb.com/images/M/MV5BMTI5NjkyNDQ3NV5BMl5BanBnXkFtZTcwNjY5NTQ0Mw@@._V1_SX32_CR0,0,32,44_AL_.jpg","url_profile":"http://www.imdb.com/name/nm0001001"},{"id":28,"actor_name":"Richard S. Castellano","movie_id":3,"character":"Clemenza","url_character":"http://www.imdb.com/character/ch0000812","url_photo":"http://ia.media-imdb.com/images/M/MV5BMjI2MzA3MjQ5N15BMl5BanBnXkFtZTcwMzY5NDYwOA@@._V1_SX32_CR0,0,32,44_AL_.jpg","url_profile":"http://www.imdb.com/name/nm0144710"},{"id":29,"actor_name":"Robert Duvall","movie_id":3,"character":"Tom Hagen","url_character":"http://www.imdb.com/character/ch0000792","url_photo":"http://ia.media-imdb.com/images/M/MV5BMjk1MjA2Mjc2MF5BMl5BanBnXkFtZTcwOTE4MTUwMg@@._V1_SX32_CR0,0,32,44_AL_.jpg","url_profile":"http://www.imdb.com/name/nm0000380"},{"id":30,"actor_name":"Sterling Hayden","movie_id":3,"character":"Capt. McCluskey","url_character":"http://www.imdb.com/character/ch0000808","url_photo":"http://ia.media-imdb.com/images/M/MV5BMjE0MTk1NjkzN15BMl5BanBnXkFtZTcwMzA1MjE1Mg@@._V1_SX32_CR0,0,32,44_AL_.jpg","url_profile":"http://www.imdb.com/name/nm0001330"},{"id":31,"actor_name":"John Marley","movie_id":3,"character":"Jack Woltz","url_character":"http://www.imdb.com/character/ch0000817","url_photo":"http://ia.media-imdb.com/images/M/MV5BMjk0NjY1MjAyMl5BMl5BanBnXkFtZTcwNzY5NDYwOA@@._V1_SY44_CR1,0,32,44_AL_.jpg","url_profile":"http://www.imdb.com/name/nm0549134"},{"id":32,"actor_name":"Richard Conte","movie_id":3,"character":"Barzini","url_character":"http://www.imdb.com/character/ch0284602","url_photo":"http://ia.media-imdb.com/images/M/MV5BNzE0MzU0MzY3OF5BMl5BanBnXkFtZTcwMjE2MjYwOA@@._V1_SY44_CR1,0,32,44_AL_.jpg","url_profile":"http://www.imdb.com/name/nm0002017"},{"id":33,"actor_name":"Al Lettieri","movie_id":3,"character":"Sollozzo","url_character":"http://www.imdb.com/character/ch0395467","url_photo":"http://ia.media-imdb.com/images/M/MV5BMjA0NDI4MzIwMV5BMl5BanBnXkFtZTcwNjgwMDM1NA@@._V1_SX32_CR0,0,32,44_AL_.jpg","url_profile":"http://www.imdb.com/name/nm0504803"},{"id":34,"actor_name":"Diane Keaton","movie_id":3,"character":"Kay Adams","url_character":"http://www.imdb.com/character/ch0000793","url_photo":"http://ia.media-imdb.com/images/M/MV5BNjU5NjMwOTk2NV5BMl5BanBnXkFtZTYwODg1NzY0._V1_SX32_CR0,0,32,44_AL_.jpg","url_profile":"http://www.imdb.com/name/nm0000473"},{"id":35,"actor_name":"Abe Vigoda","movie_id":3,"character":"Tessio","url_character":"http://www.imdb.com/character/ch0000806","url_photo":"http://ia.media-imdb.com/images/M/MV5BMjE1MDk5NzMyN15BMl5BanBnXkFtZTYwMjA4Mjg1._V1_SY44_CR0,0,32,44_AL_.jpg","url_profile":"http://www.imdb.com/name/nm0001820"},{"id":36,"actor_name":"Talia Shire","movie_id":3,"character":"Connie","url_character":"http://www.imdb.com/character/ch0440490","url_photo":"http://ia.media-imdb.com/images/M/MV5BMTkwMzc0NjQzNV5BMl5BanBnXkFtZTYwNzM0NTk3._V1_SX32_CR0,0,32,44_AL_.jpg","url_profile":"http://www.imdb.com/name/nm0001735"},{"id":37,"actor_name":"Gianni Russo","movie_id":3,"character":"Carlo","url_character":"http://www.imdb.com/character/ch0463791","url_photo":"http://ia.media-imdb.com/images/M/MV5BNTgyMTgxODM4MV5BMl5BanBnXkFtZTcwNDg5NDYwOA@@._V1_SX32_CR0,0,32,44_AL_.jpg","url_profile":"http://www.imdb.com/name/nm0751625"},{"id":38,"actor_name":"John Cazale","movie_id":3,"character":"Fredo","url_character":"http://www.imdb.com/character/ch0000801","url_photo":"http://ia.media-imdb.com/images/M/MV5BMTUzMTM1MjI5NV5BMl5BanBnXkFtZTcwMTM5NTM1Mw@@._V1_SX32_CR0,0,32,44_AL_.jpg","url_profile":"http://www.imdb.com/name/nm0001030"},{"id":39,"actor_name":"Tim Roth","movie_id":4,"character":"Pumpkin / Ringo","url_character":"http://www.imdb.com/character/ch0001786","url_photo":"http://ia.media-imdb.com/images/M/MV5BMjA5NTA3MDQyOV5BMl5BanBnXkFtZTcwODM4NDE3Mw@@._V1_SY44_CR1,0,32,44_AL_.jpg","url_profile":"http://www.imdb.com/name/nm0000619"},{"id":40,"actor_name":"Amanda Plummer","movie_id":4,"character":"Honey Bunny / Yolanda","url_character":"http://www.imdb.com/character/ch0001792","url_photo":"http://ia.media-imdb.com/images/M/MV5BOTQ2ODAzNzc5M15BMl5BanBnXkFtZTgwOTU2ODE3MjE@._V1_SY44_CR17,0,32,44_AL_.jpg","url_profile":"http://www.imdb.com/name/nm0001625"},{"id":41,"actor_name":"Laura Lovelace","movie_id":4,"character":"Waitress","url_character":"http://www.imdb.com/character/ch0186502","url_photo":"","url_profile":"http://www.imdb.com/name/nm0522503"},{"id":42,"actor_name":"John Travolta","movie_id":4,"character":"Vincent Vega","url_character":"http://www.imdb.com/character/ch0001782","url_photo":"http://ia.media-imdb.com/images/M/MV5BMTUwNjQ0ODkxN15BMl5BanBnXkFtZTcwMDc5NjQwNw@@._V1_SY44_CR0,0,32,44_AL_.jpg","url_profile":"http://www.imdb.com/name/nm0000237"},{"id":43,"actor_name":"Samuel L. Jackson","movie_id":4,"character":"Jules Winnfield","url_character":"http://www.imdb.com/character/ch0001783","url_photo":"http://ia.media-imdb.com/images/M/MV5BMTQ1NTQwMTYxNl5BMl5BanBnXkFtZTYwMjA1MzY1._V1_SX32_CR0,0,32,44_AL_.jpg","url_profile":"http://www.imdb.com/name/nm0000168"},{"id":44,"actor_name":"Phil LaMarr","movie_id":4,"character":"Marvin","url_character":"http://www.imdb.com/character/ch0001791","url_photo":"http://ia.media-imdb.com/images/M/MV5BMTczMzY0MDk2Ml5BMl5BanBnXkFtZTcwMDY2NTIzMg@@._V1_SY44_CR17,0,32,44_AL_.jpg","url_profile":"http://www.imdb.com/name/nm0482851"},{"id":45,"actor_name":"Frank Whaley","movie_id":4,"character":"Brett","url_character":"http://www.imdb.com/character/ch0001793","url_photo":"http://ia.media-imdb.com/images/M/MV5BNzkyODAyMDA1N15BMl5BanBnXkFtZTcwOTEyNDk0OQ@@._V1_SY44_CR1,0,32,44_AL_.jpg","url_profile":"http://www.imdb.com/name/nm0001844"},{"id":46,"actor_name":"Burr Steers","movie_id":4,"character":"Roger","url_character":"http://www.imdb.com","url_photo":"http://ia.media-imdb.com/images/M/MV5BMjEwMjYyNjEwN15BMl5BanBnXkFtZTcwMTI1Nzc2Mw@@._V1_SX32_CR0,0,32,44_AL_.jpg","url_profile":"http://www.imdb.com/name/nm0824882"},{"id":47,"actor_name":"Bruce Willis","movie_id":4,"character":"Butch Coolidge","url_character":"http://www.imdb.com/character/ch0001781","url_photo":"http://ia.media-imdb.com/images/M/MV5BMjA0MjMzMTE5OF5BMl5BanBnXkFtZTcwMzQ2ODE3Mw@@._V1_SY44_CR2,0,32,44_AL_.jpg","url_profile":"http://www.imdb.com/name/nm0000246"},{"id":48,"actor_name":"Ving Rhames","movie_id":4,"character":"Marsellus Wallace","url_character":"http://www.imdb.com/character/ch0001789","url_photo":"http://ia.media-imdb.com/images/M/MV5BMTMwMTgyMzc4MV5BMl5BanBnXkFtZTYwNjE5Mjk1._V1_SX32_CR0,0,32,44_AL_.jpg","url_profile":"http://www.imdb.com/name/nm0000609"},{"id":49,"actor_name":"Paul Calderon","movie_id":4,"character":"Paul / English Bob","url_character":"http://www.imdb.com","url_photo":"http://ia.media-imdb.com/images/M/MV5BNDY2NzY5MDI5Nl5BMl5BanBnXkFtZTcwNDIzNjMzMw@@._V1_SY44_CR17,0,32,44_AL_.jpg","url_profile":"http://www.imdb.com/name/nm0129538"},{"id":50,"actor_name":"Bronagh Gallagher","movie_id":4,"character":"Trudi","url_character":"http://www.imdb.com/character/ch0001797","url_photo":"http://ia.media-imdb.com/images/M/MV5BMjE4OTc2MTM4OF5BMl5BanBnXkFtZTcwMTY3MjQ1Mw@@._V1_SX32_CR0,0,32,44_AL_.jpg","url_profile":"http://www.imdb.com/name/nm0302345"},{"id":51,"actor_name":"Rosanna Arquette","movie_id":4,"character":"Jody","url_character":"http://www.imdb.com/character/ch0001790","url_photo":"http://ia.media-imdb.com/images/M/MV5BNTI0MjYxMzQ0OF5BMl5BanBnXkFtZTcwMTk0OTE3NQ@@._V1_SX32_CR0,0,32,44_AL_.jpg","url_profile":"http://www.imdb.com/name/nm0000275"},{"id":52,"actor_name":"Eric Stoltz","movie_id":4,"character":"Lance","url_character":"http://www.imdb.com/character/ch0001788","url_photo":"http://ia.media-imdb.com/images/M/MV5BMTc1Njc5MjQyOF5BMl5BanBnXkFtZTYwNzQzNzgz._V1_SX32_CR0,0,32,44_AL_.jpg","url_profile":"http://www.imdb.com/name/nm0000655"},{"id":53,"actor_name":"Uma Thurman","movie_id":4,"character":"Mia Wallace","url_character":"http://www.imdb.com/character/ch0001785","url_photo":"http://ia.media-imdb.com/images/M/MV5BMjMxNzk1MTQyMl5BMl5BanBnXkFtZTgwMDIzMDEyMTE@._V1_SX32_CR0,0,32,44_AL_.jpg","url_profile":"http://www.imdb.com/name/nm0000235"},{"id":54,"actor_name":"Christian Bale","movie_id":5,"character":"Bruce Wayne","url_character":"http://www.imdb.com/character/ch0188699","url_photo":"http://ia.media-imdb.com/images/M/MV5BMTkxMzk4MjQ4MF5BMl5BanBnXkFtZTcwMzExODQxOA@@._V1_SX32_CR0,0,32,44_AL_.jpg","url_profile":"http://www.imdb.com/name/nm0000288"},{"id":55,"actor_name":"Heath Ledger","movie_id":5,"character":"Joker","url_character":"http://www.imdb.com/character/ch0000180","url_photo":"http://ia.media-imdb.com/images/M/MV5BMTI2NTY0NzA4MF5BMl5BanBnXkFtZTYwMjE1MDE0._V1_SX32_CR0,0,32,44_AL_.jpg","url_profile":"http://www.imdb.com/name/nm0005132"},{"id":56,"actor_name":"Aaron Eckhart","movie_id":5,"character":"Harvey Dent","url_character":"http://www.imdb.com/character/ch0308458","url_photo":"http://ia.media-imdb.com/images/M/MV5BMTc4MTAyNzMzNF5BMl5BanBnXkFtZTcwMzQ5MzQzMg@@._V1_SX32_CR0,0,32,44_AL_.jpg","url_profile":"http://www.imdb.com/name/nm0001173"},{"id":57,"actor_name":"Michael Caine","movie_id":5,"character":"Alfred","url_character":"http://www.imdb.com/character/ch0000204","url_photo":"http://ia.media-imdb.com/images/M/MV5BMjAwNzIwNTQ4Ml5BMl5BanBnXkFtZTYwMzE1MTUz._V1_SX32_CR0,0,32,44_AL_.jpg","url_profile":"http://www.imdb.com/name/nm0000323"},{"id":58,"actor_name":"Maggie Gyllenhaal","movie_id":5,"character":"Rachel","url_character":"http://www.imdb.com/character/ch0150022","url_photo":"http://ia.media-imdb.com/images/M/MV5BMTM1MjY3NzA4NF5BMl5BanBnXkFtZTcwNzE4MjMyMw@@._V1_SX32_CR0,0,32,44_AL_.jpg","url_profile":"http://www.imdb.com/name/nm0350454"},{"id":59,"actor_name":"Gary Oldman","movie_id":5,"character":"Gordon","url_character":"http://www.imdb.com/character/ch0460543","url_photo":"http://ia.media-imdb.com/images/M/MV5BMTc3NTM4MzQ5MV5BMl5BanBnXkFtZTcwOTE4MDczNw@@._V1_SX32_CR0,0,32,44_AL_.jpg","url_profile":"http://www.imdb.com/name/nm0000198"},{"id":60,"actor_name":"Morgan Freeman","movie_id":5,"character":"Lucius Fox","url_character":"http://www.imdb.com/character/ch0000187","url_photo":"http://ia.media-imdb.com/images/M/MV5BMTc0MDMyMzI2OF5BMl5BanBnXkFtZTcwMzM2OTk1MQ@@._V1_SX32_CR0,0,32,44_AL_.jpg","url_profile":"http://www.imdb.com/name/nm0000151"},{"id":61,"actor_name":"Monique Gabriela Curnen","movie_id":5,"character":"Ramirez","url_character":"http://www.imdb.com/character/ch0117867","url_photo":"http://ia.media-imdb.com/images/M/MV5BMjE2NTcxODA2Nl5BMl5BanBnXkFtZTcwODE1OTQ4Mg@@._V1_SX32_CR0,0,32,44_AL_.jpg","url_profile":"http://www.imdb.com/name/nm1010931"},{"id":62,"actor_name":"Ron Dean","movie_id":5,"character":"Wuertz","url_character":"http://www.imdb.com/character/ch0160629","url_photo":"http://ia.media-imdb.com/images/M/MV5BMTM5MTc5MjE3OF5BMl5BanBnXkFtZTcwNzg1MjQyOA@@._V1_SX32_CR0,0,32,44_AL_.jpg","url_profile":"http://www.imdb.com/name/nm0212939"},{"id":63,"actor_name":"Cillian Murphy","movie_id":5,"character":"Scarecrow","url_character":"http://www.imdb.com/character/ch0000186","url_photo":"http://ia.media-imdb.com/images/M/MV5BMjAzMzYyOTMyN15BMl5BanBnXkFtZTcwMTc3MjM4OA@@._V1_SX32_CR0,0,32,44_AL_.jpg","url_profile":"http://www.imdb.com/name/nm0614165"},{"id":64,"actor_name":"Chin Han","movie_id":5,"character":"Lau","url_character":"http://www.imdb.com/character/ch0093490","url_photo":"http://ia.media-imdb.com/images/M/MV5BMTMxNTE2NjQ4MF5BMl5BanBnXkFtZTcwNjQ5Mjk3Mw@@._V1_SX32_CR0,0,32,44_AL_.jpg","url_profile":"http://www.imdb.com/name/nm1977856"},{"id":65,"actor_name":"Nestor Carbonell","movie_id":5,"character":"Mayor","url_character":"http://www.imdb.com/character/ch0058454","url_photo":"http://ia.media-imdb.com/images/M/MV5BMTgwNzEwOTY0MF5BMl5BanBnXkFtZTcwNzE1ODAyNg@@._V1_SX32_CR0,0,32,44_AL_.jpg","url_profile":"http://www.imdb.com/name/nm0004801"},{"id":66,"actor_name":"Eric Roberts","movie_id":5,"character":"Maroni","url_character":"http://www.imdb.com/character/ch0039109","url_photo":"http://ia.media-imdb.com/images/M/MV5BMTQ2MTk3OTgwM15BMl5BanBnXkFtZTcwODE1OTIwMw@@._V1_SX32_CR0,0,32,44_AL_.jpg","url_profile":"http://www.imdb.com/name/nm0000616"},{"id":67,"actor_name":"Ritchie Coster","movie_id":5,"character":"Chechen","url_character":"http://www.imdb.com/character/ch0073685","url_photo":"http://ia.media-imdb.com/images/M/MV5BMTMxMjE2MTU5M15BMl5BanBnXkFtZTYwNTM2ODM0._V1_SX32_CR0,0,32,44_AL_.jpg","url_profile":"http://www.imdb.com/name/nm0182662"},{"id":68,"actor_name":"Anthony Michael Hall","movie_id":5,"character":"Mike Engel","url_character":"http://www.imdb.com/character/ch0047368","url_photo":"http://ia.media-imdb.com/images/M/MV5BMjE1MDk3Mzc1NV5BMl5BanBnXkFtZTYwMzE3MTM3._V1_SY44_CR8,0,32,44_AL_.jpg","url_profile":"http://www.imdb.com/name/nm0001309"},{"id":69,"actor_name":"Edward Norton","movie_id":6,"character":"The Narrator","url_character":"http://www.imdb.com","url_photo":"http://ia.media-imdb.com/images/M/MV5BMTYwNjQ5MTI1NF5BMl5BanBnXkFtZTcwMzU5MTI2Mw@@._V1_SY44_CR1,0,32,44_AL_.jpg","url_profile":"http://www.imdb.com/name/nm0001570"},{"id":70,"actor_name":"Brad Pitt","movie_id":6,"character":"Tyler Durden","url_character":"http://www.imdb.com/character/ch0001854","url_photo":"http://ia.media-imdb.com/images/M/MV5BMjA1MjE2MTQ2MV5BMl5BanBnXkFtZTcwMjE5MDY0Nw@@._V1_SX32_CR0,0,32,44_AL_.jpg","url_profile":"http://www.imdb.com/name/nm0000093"},{"id":71,"actor_name":"Helena Bonham Carter","movie_id":6,"character":"Marla Singer","url_character":"http://www.imdb.com/character/ch0001857","url_photo":"http://ia.media-imdb.com/images/M/MV5BMTUzMzUzMDg5MV5BMl5BanBnXkFtZTcwMDA5NDMwNA@@._V1_SX32_CR0,0,32,44_AL_.jpg","url_profile":"http://www.imdb.com/name/nm0000307"},{"id":72,"actor_name":"Meat Loaf","movie_id":6,"character":"Robert 'Bob' Paulsen","url_character":"http://www.imdb.com/character/ch0001858","url_photo":"http://ia.media-imdb.com/images/M/MV5BMTIzNTQ4MjYyOV5BMl5BanBnXkFtZTcwNzgwNTEzMg@@._V1_SX32_CR0,0,32,44_AL_.jpg","url_profile":"http://www.imdb.com/name/nm0001533"},{"id":73,"actor_name":"Zach Grenier","movie_id":6,"character":"Richard Chesler","url_character":"http://www.imdb.com/character/ch0001861","url_photo":"http://ia.media-imdb.com/images/M/MV5BNDc4MTcyNjE3M15BMl5BanBnXkFtZTgwODI1MDU2MTE@._V1_SX32_CR0,0,32,44_AL_.jpg","url_profile":"http://www.imdb.com/name/nm0340260"},{"id":74,"actor_name":"Richmond Arquette","movie_id":6,"character":"Intern","url_character":"http://www.imdb.com","url_photo":"http://ia.media-imdb.com/images/M/MV5BMjI0MTUwMDUxNF5BMl5BanBnXkFtZTgwNjAzNTM0MDE@._V1_SY44_CR3,0,32,44_AL_.jpg","url_profile":"http://www.imdb.com/name/nm0037118"},{"id":75,"actor_name":"David Andrews","movie_id":6,"character":"Thomas","url_character":"http://www.imdb.com","url_photo":"http://ia.media-imdb.com/images/M/MV5BMTcwNTI4OTk3MF5BMl5BanBnXkFtZTcwOTQyMzI3OQ@@._V1_SY44_CR17,0,32,44_AL_.jpg","url_profile":"http://www.imdb.com/name/nm0028625"},{"id":76,"actor_name":"George Maguire","movie_id":6,"character":"Group Leader","url_character":"http://www.imdb.com/character/ch0214202","url_photo":"http://ia.media-imdb.com/images/M/MV5BMTM1NzQ4MjY5OF5BMl5BanBnXkFtZTcwNjA3MjM2NA@@._V1_SX32_CR0,0,32,44_AL_.jpg","url_profile":"http://www.imdb.com/name/nm0536574"},{"id":77,"actor_name":"Eugenie Bondurant","movie_id":6,"character":"Weeping Woman","url_character":"http://www.imdb.com","url_photo":"http://ia.media-imdb.com/images/M/MV5BMjI1NDk4MjQ5M15BMl5BanBnXkFtZTgwMTI1MDM2MTE@._V1_SY44_CR1,0,32,44_AL_.jpg","url_profile":"http://www.imdb.com/name/nm0094163"},{"id":78,"actor_name":"Christina Cabot","movie_id":6,"character":"Group Leader","url_character":"http://www.imdb.com/character/ch0214202","url_photo":"http://ia.media-imdb.com/images/M/MV5BMjE3OTExODMwM15BMl5BanBnXkFtZTcwMDk4MzI0Mg@@._V1_SY44_CR17,0,32,44_AL_.jpg","url_profile":"http://www.imdb.com/name/nm0127680"},{"id":79,"actor_name":"Sydney 'Big Dawg' Colston","movie_id":6,"character":"Speaker","url_character":"http://www.imdb.com","url_photo":"http://ia.media-imdb.com/images/M/MV5BMTU2NjMxMDcwMV5BMl5BanBnXkFtZTcwMTI4MjMzMQ@@._V1_SY44_CR1,0,32,44_AL_.jpg","url_profile":"http://www.imdb.com/name/nm0173257"}]